id,title,year,release_date,runtime,director_id,director_name,genre,genres,cast_ids,cast_names,cast_characters,studio,country
278,The Shawshank Redemption,1994,1994-09-23,142,4027,Frank Darabont,Drama,Drama|Crime,504|192|4029,Tim Robbins|Morgan Freeman|Bob Gunton,Andy Dufresne|Ellis Boyd 'Red' Redding|Warden Samuel Norton,Castle Rock Entertainment,United States of America
238,The Godfather,1972,1972-03-14,175,1776,Francis Ford Coppola,Drama,Drama|Crime,3084|1158|3085,Marlon Brando|Al Pacino|James Caan,Don Vito Corleone|Michael Corleone|Santino 'Sonny' Corleone,Paramount Pictures,United States of America
550,Fight Club,1999,1999-10-15,139,7467,David Fincher,Drama,Drama,819|287|7470,Edward Norton|Brad Pitt|Meat Loaf,The Narrator|Tyler Durden|Robert 'Bob' Paulson,Regency Enterprises,Germany
680,Pulp Fiction,1994,1994-10-08,154,138,Quentin Tarantino,Thriller,Thriller|Crime,8891|2231|139,John Travolta|Samuel L. Jackson|Uma Thurman,Vincent Vega|Jules Winfield|Mia Wallace,Miramax Films,United States of America
424,Schindler's List,1993,1993-11-29,195,488,Steven Spielberg,Drama,Drama|History|War,3896|2282|5469,Liam Neeson|Ben Kingsley|Ralph Fiennes,Oskar Schindler|Itzhak Stern|Amon Goeth,Universal Pictures,United States of America
244786,Whiplash,2014,2014-10-10,105,136495,Damien Chazelle,Drama,Drama,996701|18999|129104,Miles Teller|J.K. Simmons|Melissa Benoist,Andrew Neimann|Terence Fletcher|Nicole,Bold Films,United States of America
129,Spirited Away,2001,2001-07-20,125,608,Hayao Miyazaki,Fantasy,Fantasy|Adventure|Animation|Family,19587|19588|19589,Rumi Hiiragi|Miyu Irino|Mari Natsuki,Chihiro (voice)|Haku (voice)|Yubaba (voice),Studio Ghibli,Japan
240,The Godfather: Part II,1974,1974-12-20,200,1776,Francis Ford Coppola,Drama,Drama|Crime,1158|3087|3092,Al Pacino|Robert Duvall|Diane Keaton,Don Michael Corleone|Tom Hagen|Kay Corleone,Paramount Pictures,United States of America
155,The Dark Knight,2008,2008-07-16,152,525,Christopher Nolan,Drama,Drama|Action|Crime|Thriller,3894|1810|6383,Christian Bale|Heath Ledger|Aaron Eckhart,Bruce Wayne|Joker|Harvey Dent,DC Comics,United Kingdom
13,Forrest Gump,1994,1994-07-06,142,24,Robert Zemeckis,Comedy,Comedy|Drama|Romance,31|32|33,Tom Hanks|Robin Wright|Gary Sinise,Forrest Gump|Jenny Curran|Lt. Dan Taylor,Paramount Pictures,United States of America
1891,The Empire Strikes Back,1980,1980-05-17,124,10930,Irvin Kershner,Adventure,Adventure|Action|Science Fiction,2|3|4,Mark Hamill|Harrison Ford|Carrie Fisher,Luke Skywalker|Han Solo|Princess Leia,Lucasfilm,United States of America
497,The Green Mile,1999,1999-12-10,189,4027,Frank Darabont,Fantasy,Fantasy|Drama|Crime,31|61981|52,Tom Hanks|Michael Clarke Duncan|David Morse,"Paul Edgecomb|John Coffey|Brutus ""Brutal"" Howell",Castle Rock Entertainment,United States of America
769,GoodFellas,1990,1990-09-12,145,1032,Martin Scorsese,Drama,Drama|Crime,380|11477|4517,Robert De Niro|Ray Liotta|Joe Pesci,James Conway|Henry Hill|Tommy DeVito,Winkler Films,United States of America
73,American History X,1998,1998-10-30,119,814,Tony Kaye,Drama,Drama,819|820|821,Edward Norton|Edward Furlong|Beverly D'Angelo,Derek Vinyard|Danny Vinyard|Doris Vinyard,New Line Cinema,United States of America
510,One Flew Over the Cuckoo's Nest,1975,1975-11-18,133,3974,Miloš Forman,Drama,Drama,514|7071|518,Jack Nicholson|Louise Fletcher|Danny DeVito,Randle Patrick McMurphy|Nurse Mildred Ratched|Martini,United Artists,United States of America
539,Psycho,1960,1960-06-16,109,2636,Alfred Hitchcock,Drama,Drama|Horror|Thriller,7301|7303|7304,Anthony Perkins|Vera Miles|John Gavin,Norman Bates|Lila Crane|Sam Loomis,Paramount Pictures,United States of America
389,12 Angry Men,1957,1957-03-25,96,39996,Sidney Lumet,Drama,Drama,4958|1936|5247,Henry Fonda|Martin Balsam|John Fiedler,Juror 8|Juror 1|Juror 2,United Artists,United States of America
4935,Howl's Moving Castle,2004,2004-11-19,119,608,Hayao Miyazaki,Fantasy,Fantasy|Animation|Adventure,12670|20338|19592,Takuya Kimura|Akihiro Miwa|Tatsuya Gashûin,Hauru|Arechi no Majo|Karushifâ,Studio Ghibli,Japan
128,Princess Mononoke,1997,1997-07-12,134,608,Hayao Miyazaki,Adventure,Adventure|Fantasy|Animation,622|20330|20331,Yōji Matsuda|Yuriko Ishida|Yūko Tanaka,Ashitaka (voice)|San (voice)|Eboshi-gozen (voice),Miramax Films,Japan
311,Once Upon a Time in America,1984,1984-02-16,229,4385,Sergio Leone,Drama,Drama|Crime,380|4512|4513,Robert De Niro|James Woods|Elizabeth McGovern,David 'Noodles' Aaronson|Maximilian 'Max' Bercovicz|Deborah Gelly,Warner Bros.,United States of America
27205,Inception,2010,2010-07-14,148,525,Christopher Nolan,Action,Action|Thriller|Science Fiction|Mystery|Adventure,6193|24045|27578,Leonardo DiCaprio|Joseph Gordon-Levitt|Ellen Page,Dom Cobb|Arthur|Ariadne,Legendary Pictures,United Kingdom
157336,Interstellar,2014,2014-11-05,169,525,Christopher Nolan,Adventure,Adventure|Drama|Science Fiction,10297|83002|1813,Matthew McConaughey|Jessica Chastain|Anne Hathaway,Joseph Cooper|Murph Cooper|Dr. Amelia Brand,Paramount Pictures,Canada
122,The Lord of the Rings: The Return of the King,2003,2003-12-01,201,108,Peter Jackson,Adventure,Adventure|Fantasy|Action,109|1327|110,Elijah Wood|Ian McKellen|Viggo Mortensen,Frodo Baggins|Gandalf the White|Aragorn,WingNut Films,New Zealand
11,Star Wars,1977,1977-05-25,121,1,George Lucas,Adventure,Adventure|Action|Science Fiction,2|3|4,Mark Hamill|Harrison Ford|Carrie Fisher,Luke Skywalker|Han Solo|Princess Leia Organa,Lucasfilm,United States of America
807,Se7en,1995,1995-09-22,127,7467,David Fincher,Crime,Crime|Mystery|Thriller,287|192|12052,Brad Pitt|Morgan Freeman|Gwyneth Paltrow,Detective David Mills|Detective Lt. William Somerset|Tracy Mills,New Line Cinema,United States of America
274,The Silence of the Lambs,1991,1991-02-01,119,16294,Jonathan Demme,Crime,Crime|Drama|Thriller,1038|4173|349,Jodie Foster|Anthony Hopkins|Scott Glenn,Clarice Starling|Hannibal Lecter|Jack Crawford,Orion Pictures,United States of America
77,Memento,2000,2000-10-11,113,525,Christopher Nolan,Mystery,Mystery|Thriller,529|530|532,Guy Pearce|Carrie-Anne Moss|Joe Pantoliano,Leonard|Natalie|Teddy Gammell,Summit Entertainment,United States of America
694,The Shining,1980,1980-05-22,144,240,Stanley Kubrick,Horror,Horror|Thriller,514|10409|10410,Jack Nicholson|Shelley Duvall|Danny Lloyd,Jack Torrance|Wendy Torrance|Danny Torrance,Hawk Films,United States of America
629,The Usual Suspects,1995,1995-07-19,106,9032,Bryan Singer,Drama,Drama|Crime|Thriller,9045|5168|9046,Stephen Baldwin|Gabriel Byrne|Chazz Palminteri,Michael McManus|Dean Keaton|US Customs Agent Dave Kujan,Blue Parrot Productions,United States of America
264644,Room,2015,2015-10-16,117,83281,Lenny Abrahamson,Drama,Drama|Thriller,60073|1277188|11148,Brie Larson|Jacob Tremblay|Joan Allen,Joy 'Ma' Newsome|Jack Newsome|Nancy Newsome,Téléfilm Canada,Canada
207,Dead Poets Society,1989,1989-06-02,129,2690,Peter Weir,Drama,Drama,2157|569|2692,Robin Williams|Ethan Hawke|Robert Sean Leonard,John Keating|Todd Anderson|Neil Perry,Touchstone Pictures,United States of America
429,"The Good, the Bad and the Ugly",1966,1966-12-23,161,4385,Sergio Leone,Western,Western,3265|190|4078,Eli Wallach|Clint Eastwood|Lee Van Cleef,Tuco|Blondie|Sentenza/Angel Eyes,United Artists,United States of America
598,City of God,2002,2002-02-05,130,8557,Fernando Meirelles,Drama,Drama|Crime,8595|8596|8597,Alexandre Rodrigues|Leandro Firmino|Phellipe Haagensen,Buscapé|Zé Pequeno|Bené,O2 Filmes,Brazil
335,Once Upon a Time in the West,1968,1968-12-21,175,4385,Sergio Leone,Western,Western,4958|4959|4765,Henry Fonda|Claudia Cardinale|Jason Robards,Frank|Jill McBain|Cheyenne,Paramount Pictures,Italy
120,The Lord of the Rings: The Fellowship of the Ring,2001,2001-12-18,178,108,Peter Jackson,Adventure,Adventure|Fantasy|Action,109|1327|112,Elijah Wood|Ian McKellen|Cate Blanchett,Frodo Baggins|Gandalf the Grey|Galadriel,WingNut Films,New Zealand
121,The Lord of the Rings: The Two Towers,2002,2002-12-18,179,108,Peter Jackson,Adventure,Adventure|Fantasy|Action,109|1327|110,Elijah Wood|Ian McKellen|Viggo Mortensen,Frodo Baggins|Gandalf the White|Aragorn,WingNut Films,New Zealand
150540,Inside Out,2015,2015-06-09,94,12890,Pete Docter,Drama,Drama|Comedy|Animation|Family,56322|169200|21125,Amy Poehler|Phyllis Smith|Richard Kind,Joy (voice)|Sadness (voice)|Bing Bong (voice),Walt Disney Pictures,United States of America
105,Back to the Future,1985,1985-07-03,116,24,Robert Zemeckis,Adventure,Adventure|Comedy|Science Fiction|Family,521|1062|1063,Michael J. Fox|Christopher Lloyd|Lea Thompson,Marty McFly|Dr. Emmett Brown|Lorraine Baines,Universal Pictures,United States of America
205596,The Imitation Game,2014,2014-11-14,113,77965,Morten Tyldum,History,History|Drama|Thriller|War,71580|116|1247,Benedict Cumberbatch|Keira Knightley|Matthew Goode,Alan Turing|Joan Clarke|Hugh Alexander,Black Bear Pictures,United Kingdom
8587,The Lion King,1994,1994-06-23,89,15812,Roger Allers,Family,Family|Animation|Drama,53283|4756|15152,Jonathan Taylor Thomas|Matthew Broderick|James Earl Jones,Young Simba (voice)|Adult Simba (voice)|King Mufasa (voice),Walt Disney Pictures,United States of America
120467,The Grand Budapest Hotel,2014,2014-02-26,99,5655,Wes Anderson,Comedy,Comedy|Drama,5469|1291350|1164,Ralph Fiennes|Tony Revolori|F. Murray Abraham,M. Gustave|Zero Moustafa|Mr. Moustafa,Fox Searchlight Pictures,United Kingdom
1124,The Prestige,2006,2006-10-19,130,525,Christopher Nolan,Drama,Drama|Mystery|Thriller,6968|3894|3895,Hugh Jackman|Christian Bale|Michael Caine,Robert Angier|Alfred Borden|Cutter,Warner Bros.,United States of America
500,Reservoir Dogs,1992,1992-09-02,99,138,Quentin Tarantino,Crime,Crime|Thriller,1037|3129|147,Harvey Keitel|Tim Roth|Michael Madsen,Mr. White/Larry Dimmick|Mr. Orange/Freddy Newandyke|Mr. Blonde/Vic Vega,Live Entertainment,United States of America
111,Scarface,1983,1983-12-08,170,1150,Brian De Palma,Action,Action|Crime|Drama|Thriller,1158|1159|1160,Al Pacino|Steven Bauer|Michelle Pfeiffer,Tony Montana|Manny Ribera|Elvira Hancock,Universal Pictures,United States of America
103,Taxi Driver,1976,1976-02-07,114,1032,Martin Scorsese,Crime,Crime|Drama,380|1036|1037,Robert De Niro|Cybill Shepherd|Harvey Keitel,Travis Bickle|Betsy|'Sport' Matthew,Columbia Pictures Corporation,United States of America
28,Apocalypse Now,1979,1979-08-15,153,1776,Francis Ford Coppola,Drama,Drama|War,8349|3084|3087,Martin Sheen|Marlon Brando|Robert Duvall,Captain Benjamin L. Willard|Colonel Walter E. Kurtz|Lieutenant Colonel Bill Kilgore,United Artists,United States of America
670,Oldboy,2003,2003-01-01,120,10099,Park Chan-wook,Drama,Drama|Thriller|Mystery|Action,64880|10112|1299317,Choi Min-sik|Yoo Ji-tae|Kang Hye-jung,Oh Dae-su|Lee Woo-jin|Mi-do,Egg Films,South Korea
423,The Pianist,2002,2002-09-24,150,3556,Roman Polanski,Drama,Drama|War,3490|3491|6637,Adrien Brody|Thomas Kretschmann|Frank Finlay,Wladyslaw Szpilman|Captain Wilm Hosenfeld|Father,Bac Films,France
935,Dr. Strangelove or: How I Learned to Stop Worrying and Love the Bomb,1964,1964-01-29,95,240,Stanley Kubrick,Drama,Drama|Comedy|War,12446|862|3088,Peter Sellers|George C. Scott|Sterling Hayden,"Group Capt. Lionel Mandrake / President Merkin Muffley / Dr. Strangelove|General ""Buck"" Turgidson|Brigadier General Jack D. Ripper",Hawk Films,United Kingdom
1585,It's a Wonderful Life,1946,1946-12-20,130,2662,Frank Capra,Drama,Drama|Family|Fantasy,854|17752|17753,James Stewart|Donna Reed|Lionel Barrymore,George Bailey|Mary Hatch|Henry F. Potter,RKO Radio Pictures,United States of America
118340,Guardians of the Galaxy,2014,2014-07-30,121,15218,James Gunn,Action,Action|Science Fiction|Adventure,73457|8691|543530,Chris Pratt|Zoe Saldana|Dave Bautista,Peter Quill / Star-Lord|Gamora|Drax the Destroyer,Marvel Studios,United Kingdom
603,The Matrix,1999,1999-03-30,136,9339,Lilly Wachowski,Action,Action|Science Fiction,6384|2975|530,Keanu Reeves|Laurence Fishburne|Carrie-Anne Moss,"Thomas ""Neo"" Anderson|Morpheus|Trinity",Village Roadshow Pictures,Australia
106646,The Wolf of Wall Street,2013,2013-12-25,180,1032,Martin Scorsese,Crime,Crime|Drama|Comedy,6193|21007|234352,Leonardo DiCaprio|Jonah Hill|Margot Robbie,Jordan Belfort|Donnie Azoff|Naomi Lapaglia,Paramount Pictures,United States of America
16869,Inglourious Basterds,2009,2009-08-18,153,138,Quentin Tarantino,Drama,Drama|Action|Thriller|War,287|19119|27319,Brad Pitt|Mélanie Laurent|Christoph Waltz,"Lieutenant Aldo ""The Apache"" Raine|Shosanna Dreyfus / Emmanuelle Mimieux|SS Colonel Hans Landa",Universal Pictures,Germany
210577,Gone Girl,2014,2014-10-01,145,7467,David Fincher,Mystery,Mystery|Thriller|Drama,880|10882|1308445,Ben Affleck|Rosamund Pike|Carrie Coon,Nick Dunne|Amy Dunne|Margo Dunne,Twentieth Century Fox Film Corporation,United States of America
98,Gladiator,2000,2000-05-01,155,578,Ridley Scott,Action,Action|Drama|Adventure,934|73421|935,Russell Crowe|Joaquin Phoenix|Connie Nielsen,Maximus|Commodus|Lucilla,DreamWorks SKG,United Kingdom
857,Saving Private Ryan,1998,1998-07-24,169,488,Steven Spielberg,Drama,Drama|History|War,31|1892|12835,Tom Hanks|Matt Damon|Vin Diesel,Captain John H. Miller|Private James Francis Ryan|Private Adrian Caparzo,Paramount Pictures,United States of America
1892,Return of the Jedi,1983,1983-05-23,135,19800,Richard Marquand,Adventure,Adventure|Action|Science Fiction,2|3|4,Mark Hamill|Harrison Ford|Carrie Fisher,Luke Skywalker|Han Solo|Princess Leia,Lucasfilm,United States of America
348,Alien,1979,1979-05-25,117,578,Ridley Scott,Horror,Horror|Action|Thriller|Science Fiction,4139|10205|5047,Tom Skerritt|Sigourney Weaver|Veronica Cartwright,Arthur Dallas|Ellen Ripley|Joan Lambert,Twentieth Century Fox Film Corporation,United States of America
1422,The Departed,2006,2006-10-05,151,1032,Martin Scorsese,Drama,Drama|Thriller|Crime,6193|1892|514,Leonardo DiCaprio|Matt Damon|Jack Nicholson,"William ""Billy"" Costigan, Jr.|Staff Sgt. Colin Sullivan|Francis ""Frank"" Costello",Vertigo Entertainment,Hong Kong
152601,Her,2013,2013-12-18,126,5953,Spike Jonze,Romance,Romance|Science Fiction|Drama,73421|1245|108916,Joaquin Phoenix|Scarlett Johansson|Rooney Mara,Theodore|Samantha (voice)|Catherine,Warner Bros.,China
76203,12 Years a Slave,2013,2013-10-18,134,72757,Steve McQueen,Drama,Drama|History,5294|17288|1267329,Chiwetel Ejiofor|Michael Fassbender|Lupita Nyong'o,Solomon Northup|Edwin Epps|Patsey,Plan B Entertainment,United States of America
38,Eternal Sunshine of the Spotless Mind,2004,2004-03-19,108,201,Michel Gondry,Science Fiction,Science Fiction|Drama|Romance,206|204|205,Jim Carrey|Kate Winslet|Kirsten Dunst,Joel Barish|Clementine Kruczynski|Mary Svevo,Anonymous Content,United States of America
78,Blade Runner,1982,1982-06-25,117,578,Ridley Scott,Science Fiction,Science Fiction|Drama|Thriller,3|585|586,Harrison Ford|Rutger Hauer|Sean Young,Rick Deckard|Roy Batty|Rachael,Shaw Brothers,United States of America
14,American Beauty,1999,1999-09-15,122,39,Sam Mendes,Drama,Drama,1979|516|2155,Kevin Spacey|Annette Bening|Thora Birch,Lester Burnham|Carolyn Burnham|Jane Burnham,DreamWorks SKG,United States of America
146233,Prisoners,2013,2013-09-18,153,137427,Denis Villeneuve,Drama,Drama|Thriller|Crime,6968|131|17142,Hugh Jackman|Jake Gyllenhaal|Paul Dano,Keller Dover|Detective Loki|Alex Jones,Alcon Entertainment,United States of America
62,2001: A Space Odyssey,1968,1968-04-10,149,240,Stanley Kubrick,Science Fiction,Science Fiction|Mystery|Adventure,245|246|247,Keir Dullea|Gary Lockwood|William Sylvester,Dr. Dave Bowman|Dr. Frank Poole|Dr. Heywood R. Floyd,Stanley Kubrick Productions,United States of America
152532,Dallas Buyers Club,2013,2013-09-07,117,69371,Jean-Marc Vallée,Drama,Drama|History,10297|9278|7499,Matthew McConaughey|Jennifer Garner|Jared Leto,Ron Woodroof|Dr. Eve Saks|Rayon,Universal Studios,United States of America
489,Good Will Hunting,1997,1997-12-05,126,5216,Gus Van Sant,Drama,Drama,2157|1892|880,Robin Williams|Matt Damon|Ben Affleck,Sean Maguire|Will Hunting|Chuckie Sullivan,Miramax Films,Canada
641,Requiem for a Dream,2000,2000-10-27,102,6431,Darren Aronofsky,Crime,Crime|Drama,9560|7499|6161,Ellen Burstyn|Jared Leto|Jennifer Connelly,Sara Goldfarb|Harry Goldfarb|Marion Silver,Artisan Entertainment,United States of America
7345,There Will Be Blood,2007,2007-12-28,158,4762,Paul Thomas Anderson,Drama,Drama,11856|17142|52564,Daniel Day-Lewis|Paul Dano|Dillon Freasier,Daniel Plainview|Paul Sunday / Eli Sunday|H. W.,Miramax Films,United States of America
289,Casablanca,1942,1942-11-26,102,4109,Michael Curtiz,Drama,Drama|Romance,4110|4111|4112,Humphrey Bogart|Ingrid Bergman|Paul Henreid,Rick Blaine|Ilsa Lund|Victor Laszlo,Warner Bros.,United States of America
68718,Django Unchained,2012,2012-12-25,165,138,Quentin Tarantino,Drama,Drama|Western,134|27319|6193,Jamie Foxx|Christoph Waltz|Leonardo DiCaprio,Django|Dr. King Schultz|Calvin Candie,Columbia Pictures,United States of America
11324,Shutter Island,2010,2010-02-18,138,1032,Martin Scorsese,Drama,Drama|Thriller|Mystery,6193|103|2282,Leonardo DiCaprio|Mark Ruffalo|Ben Kingsley,Teddy Daniels|Chuck Aule|Dr. John Cawley,Paramount Pictures,United States of America
10681,WALL·E,2008,2008-06-22,98,7,Andrew Stanton,Animation,Animation|Family,670|72754|60074,Ben Burtt|Elissa Knight|Jeff Garlin,WALL·E / M-O (voice)|EVE (voice)|Captain (voice),Walt Disney Pictures,United States of America
177572,Big Hero 6,2014,2014-10-24,102,70238,Chris Williams,Adventure,Adventure|Family|Animation|Action|Comedy,66580|515510|82093,Scott Adsit|Ryan Potter|Daniel Henney,Baymax (voice)|Hiro Hamada (voice)|Tadashi Hamada (voice),Walt Disney Pictures,United States of America
37165,The Truman Show,1998,1998-06-04,103,2690,Peter Weir,Comedy,Comedy|Drama,206|350|11315,Jim Carrey|Laura Linney|Noah Emmerich,Truman Burbank|Meryl Burbank / Hannah Gill|Marlon,Paramount Pictures,United States of America
266856,The Theory of Everything,2014,2014-11-26,123,76998,James Marsh,Drama,Drama|Romance,37632|72855|23458,Eddie Redmayne|Felicity Jones|Charlie Cox,Stephen Hawking|Jane Hawking|Jonathan Hellyer Jones,Working Title Films,United Kingdom
194,Amélie,2001,2001-04-25,122,2419,Jean-Pierre Jeunet,Comedy,Comedy|Romance,2405|2406|2407,Audrey Tautou|Mathieu Kassovitz|Rufus,Amélie Poulain|Nino Quincampoix|Raphaël Poulain,France 3 Cinéma,France
13223,Gran Torino,2008,2008-12-09,116,190,Clint Eastwood,Drama,Drama,190|74308|74309,Clint Eastwood|Christopher Carley|Bee Vang,Walt Kowalski|Father Janovich|Tao Vang Lor,Village Roadshow Pictures,United States of America
5915,Into the Wild,2007,2007-09-11,148,2228,Sean Penn,Adventure,Adventure|Drama,46593|4726|227,Emile Hirsch|Marcia Gay Harden|William Hurt,Christopher McCandless|Billie McCandless|Walt McCandless,Paramount Vantage,United States of America
115,The Big Lebowski,1998,1998-03-06,117,1223,Joel Coen,Comedy,Comedy|Crime,1229|1230|1231,Jeff Bridges|John Goodman|Julianne Moore,The Dude|Walter Sobchak|Maude Lebowski,Gramercy Pictures,United Kingdom
314365,Spotlight,2015,2015-11-06,128,17867,Tom McCarthy,Drama,Drama|Thriller|History,103|2232|53714,Mark Ruffalo|Michael Keaton|Rachel McAdams,"Michael Rezendes|Walter ""Robby"" Robinson|Sacha Pfeiffer",Universal Pictures,Canada
627,Trainspotting,1996,1996-02-23,93,2034,Danny Boyle,Drama,Drama|Crime,3061|1125|9012,Ewan McGregor|Ewen Bremner|Jonny Lee Miller,Mark Renton|Spud|Sick Boy,Miramax Films,United Kingdom
122906,About Time,2013,2013-08-16,123,7018,Richard Curtis,Comedy,Comedy|Drama|Science Fiction,93210|53714|2440,Domhnall Gleeson|Rachel McAdams|Bill Nighy,Tim|Mary|Dad,Working Title Films,United Kingdom
50014,The Help,2011,2011-08-09,146,55789,Tate Taylor,Drama,Drama,54693|19492|6944,Emma Stone|Viola Davis|Octavia Spencer,Eugenia 'Skeeter' Phelan|Aibileen Clark|Minny Jackson,DreamWorks SKG,India
762,Monty Python and the Holy Grail,1975,1975-03-13,91,280,Terry Gilliam,Adventure,Adventure|Comedy|Fantasy,10722|8930|280,Graham Chapman|John Cleese|Terry Gilliam,King Arthur / Voice of God / Middle Head / Hiccoughing Guard|Second Swallow-Savvy Guard / The Black Knight / Peasant 3 / Sir Lancelot the Brave / Taunting French Guard / Tim the Enchanter|Patsy / Green Knight / Old Man from Scene 24 (Bridgekeeper) / Sir Bors / Animator / Gorrilla Hand,Python (Monty) Pictures Limited,United Kingdom
1091,The Thing,1982,1982-06-25,109,11770,John Carpenter,Horror,Horror|Mystery|Science Fiction,6856|65827|11065,Kurt Russell|Keith David|Wilford Brimley,R.J. MacReady|Childs|Dr. Blair,Universal Pictures,United States of America
235,Stand by Me,1986,1986-08-22,89,3026,Rob Reiner,Crime,Crime|Drama,3033|741|3034,Wil Wheaton|River Phoenix|Corey Feldman,Gordie Lachance|Chris Chambers|Teddy Duchamp,Columbia Pictures,United States of America
524,Casino,1995,1995-11-22,178,1032,Martin Scorsese,Drama,Drama|Crime,380|4430|4517,Robert De Niro|Sharon Stone|Joe Pesci,Sam 'Ace' Rothstein|Ginger McKenna|Nicky Santoro,Universal Pictures,France
279,Amadeus,1984,1984-10-26,160,3974,Miloš Forman,Drama,Drama|History|Music,1164|3999|4000,F. Murray Abraham|Tom Hulce|Elizabeth Berridge,Antonio Salieri|Wolfgang Amadeus Mozart|Constanze Mozart,Warner Bros.,United States of America
703,Annie Hall,1977,1977-04-19,93,1243,Woody Allen,Comedy,Comedy|Drama|Romance,1243|3092|10555,Woody Allen|Diane Keaton|Tony Roberts,Alvy Singer|Annie Hall|Rob,United Artists,United States of America
14160,Up,2009,2009-05-13,96,12890,Pete Docter,Animation,Animation|Comedy|Family|Adventure,68812|290|80676,Ed Asner|Christopher Plummer|Jordan Nagai,Carl Fredricksen (voice)|Charles Muntz (voice)|Russell (voice),Pixar Animation Studios,United States of America
673,Harry Potter and the Prisoner of Azkaban,2004,2004-05-31,141,11218,Alfonso Cuarón,Adventure,Adventure|Fantasy|Family,10980|10989|10990,Daniel Radcliffe|Rupert Grint|Emma Watson,Harry Potter|Ron Weasley|Hermione Granger,1492 Pictures,United Kingdom
862,Toy Story,1995,1995-10-30,81,7879,John Lasseter,Animation,Animation|Comedy|Family,31|12898|7167,Tom Hanks|Tim Allen|Don Rickles,Woody (voice)|Buzz Lightyear (voice)|Mr. Potato Head (voice),Pixar Animation Studios,United States of America
24,Kill Bill: Vol. 1,2003,2003-10-10,111,138,Quentin Tarantino,Action,Action|Crime,139|140|2535,Uma Thurman|Lucy Liu|Vivica A. Fox,Beatrix 'The Bride' Kiddo|O-Ren Ishii|Vernita Green,Miramax Films,United States of America
752,V for Vendetta,2006,2006-03-15,132,11266,James McTeigue,Action,Action|Thriller|Fantasy,524|1331|9029,Natalie Portman|Hugo Weaving|Stephen Rea,Evey Hammond|V / William Rookwood|Chief Inspector Eric Finch,Studio Babelsberg,Germany
280,Terminator 2: Judgment Day,1991,1991-07-01,137,2710,James Cameron,Action,Action|Thriller|Science Fiction,1100|2713|418,Arnold Schwarzenegger|Linda Hamilton|Robert Patrick,The Terminator|Sarah Connor|T-1000,Lightstorm Entertainment,France
85,Raiders of the Lost Ark,1981,1981-06-12,115,488,Steven Spielberg,Adventure,Adventure|Action,3|650|652,Harrison Ford|Karen Allen|Paul Freeman,Indy|Marion Ravenwood|Dr. René Belloq,Lucasfilm,United States of America
640,Catch Me If You Can,2002,2002-12-25,141,488,Steven Spielberg,Drama,Drama|Crime,6193|31|4690,Leonardo DiCaprio|Tom Hanks|Christopher Walken,Frank Abagnale Jr.|Carl Hanratty|Frank Abagnale,Kemp Company,United States of America
141,Donnie Darko,2001,2001-01-18,113,1577,Richard Kelly,Fantasy,Fantasy|Drama|Mystery,131|20089|723,Jake Gyllenhaal|Jena Malone|Patrick Swayze,Donnie Darko|Gretchen Ross|Jim Cunningham,Pandora Cinema,United States of America
197,Braveheart,1995,1995-05-24,177,2461,Mel Gibson,Action,Action|Drama|History|War,2461|2462|1957,Mel Gibson|Catherine McCormack|Sophie Marceau,William Wallace|Murron MacClannough|Princess Isabelle,Icon Entertainment International,United States of America
679,Aliens,1986,1986-07-18,137,2710,James Cameron,Horror,Horror|Action|Thriller|Science Fiction,10205|2712|1736,Sigourney Weaver|Michael Biehn|James Remar,Lieutenant Ellen Ripley|Corporal Dwayne Hicks|Hicks body double,Twentieth Century Fox Film Corporation,United Kingdom
745,The Sixth Sense,1999,1999-08-06,107,11614,M. Night Shyamalan,Mystery,Mystery|Thriller|Drama,62|3051|11616,Bruce Willis|Toni Collette|Olivia Williams,Malcolm Crowe|Lynn Sear|Anna Crowe,Spyglass Entertainment,United States of America
11036,The Notebook,2004,2004-06-25,123,11151,Nick Cassavetes,Romance,Romance|Drama,53714|30614|4800,Rachel McAdams|Ryan Gosling|Gena Rowlands,Allie Hamilton|Noah Calhoun|Allie Calhoun,New Line Cinema,United States of America
453,A Beautiful Mind,2001,2001-12-11,135,6159,Ron Howard,Drama,Drama|Romance,934|228|6161,Russell Crowe|Ed Harris|Jennifer Connelly,John Nash|William Parcher|Alicia Nash,Imagine Entertainment,United States of America
6977,No Country for Old Men,2007,2007-11-08,122,1223,Joel Coen,Crime,Crime|Drama|Thriller,2176|3810|16851,Tommy Lee Jones|Javier Bardem|Josh Brolin,Sheriff Ed Tom Bell|Anton Chigurh|Llewelyn Moss,Miramax Films,United States of America
84892,The Perks of Being a Wallflower,2012,2012-09-20,102,19311,Stephen Chbosky,Drama,Drama|Romance,33235|10990|132157,Logan Lerman|Emma Watson|Ezra Miller,Charlie Kelmeckis|Sam|Patrick,Summit Entertainment,United States of America
107,Snatch,2000,2000-09-01,103,956,Guy Ritchie,Thriller,Thriller|Crime,976|287|980,Jason Statham|Brad Pitt|Vinnie Jones,Turkish|Mickey O'Neil|Bullet Tooth Tony,Columbia Pictures Corporation,United Kingdom
1402,The Pursuit of Happyness,2006,2006-12-14,117,20646,Gabriele Muccino,Drama,Drama,2888|120724|9030,Will Smith|Jaden Smith|Thandie Newton,Chris Gardner|Christopher|Linda,Columbia Pictures Corporation,United States of America
70,Million Dollar Baby,2004,2004-12-15,132,190,Clint Eastwood,Drama,Drama,190|448|192,Clint Eastwood|Hilary Swank|Morgan Freeman,Frankie Dunn|Maggie Fitzgerald|Eddie Scrap-Iron Dupris,Lakeshore Entertainment,United States of America
96721,Rush,2013,2013-09-02,123,6159,Ron Howard,Drama,Drama|Action,3872|74568|59315,Daniel Brühl|Chris Hemsworth|Olivia Wilde,Niki Lauda|James Hunt|Suzy Miller,Revolution Films,Germany
28178,Hachi: A Dog's Tale,2009,2009-06-13,93,5306,Lasse Hallström,Drama,Drama|Family,1205|11148|1206,Richard Gere|Joan Allen|Jason Alexander,Parker Wilson|Cate Wilson|Carl,Grand Army Entertainment,United Kingdom
14574,The Boy in the Striped Pyjamas,2008,2008-05-07,94,55299,Mark Herman,War,War|Drama,77996|224188|21657,Asa Butterfield|Jack Scanlon|Vera Farmiga,Bruno Hoess|Shmuel|Elsa Hoess,Miramax Films,United Kingdom
4348,Pride & Prejudice,2005,2005-09-16,135,36588,Joe Wright,Drama,Drama|Romance,116|15576|10882,Keira Knightley|Matthew Macfadyen|Rosamund Pike,Elizabeth Bennet|Mr. Darcy|Jane Bennet,Universal Pictures,France
277216,Straight Outta Compton,2015,2015-08-13,147,37932,F. Gary Gray,Drama,Drama|Music,1371398|1154054|1115984,O'Shea Jackson Jr.|Corey Hawkins|Jason Mitchell,Ice Cube|Dr. Dre|Eazy-E,New Line Cinema,United States of America
2118,L.A. Confidential,1997,1997-09-19,138,323,Curtis Hanson,Crime,Crime|Drama|Mystery|Thriller,1979|529|518,Kevin Spacey|Guy Pearce|Danny DeVito,"Det. Sgt. Jack Vincennes|Det. Lt. Edmund Jennings "" Ed "" Exley|Sid Hudgens",Regency Enterprises,United States of America
59440,Warrior,2011,2011-09-09,140,77003,Gavin O'Connor,Action,Action|Drama,2524|41421|1733,Tom Hardy|Jennifer Morrison|Nick Nolte,Tom Conlon|Tess Conlon|Paddy Conlon,Solaris Film,United States of America
33,Unforgiven,1992,1992-08-07,131,190,Clint Eastwood,Western,Western,190|193|192,Clint Eastwood|Gene Hackman|Morgan Freeman,Bill Munny|Little Bill Daggett|Ned Logan,Malpaso Productions,United States of America
613,Downfall,2004,2004-09-08,156,7832,Oliver Hirschbiegel,Drama,Drama|History|War,2310|5644|680,Bruno Ganz|Alexandra Maria Lara|Corinna Harfouch,Adolf Hitler|Traudl Junge|Magda Goebbels,Degeto Film,Austria
49026,The Dark Knight Rises,2012,2012-07-16,165,525,Christopher Nolan,Action,Action|Crime|Drama|Thriller,3894|3895|64,Christian Bale|Michael Caine|Gary Oldman,Bruce Wayne / Batman|Alfred Pennyworth|James Gordon,Legendary Pictures,United States of America
286217,The Martian,2015,2015-09-30,141,578,Ridley Scott,Drama,Drama|Adventure|Science Fiction,1892|83002|41091,Matt Damon|Jessica Chastain|Kristen Wiig,Mark Watney|Melissa Lewis|Annie Montrose,Twentieth Century Fox Film Corporation,United States of America
12,Finding Nemo,2003,2003-05-30,100,7,Andrew Stanton,Animation,Animation|Family,13|14|12,Albert Brooks|Ellen DeGeneres|Alexander Gould,Marlin (voice)|Dory (voice)|Nemo (voice),Pixar Animation Studios,United States of America
100402,Captain America: The Winter Soldier,2014,2014-03-20,136,19271,Anthony Russo,Action,Action|Adventure|Science Fiction,16828|2231|1245,Chris Evans|Samuel L. Jackson|Scarlett Johansson,Steve Rogers / Captain America|Nick Fury|Natasha Romanoff / Black Widow,Marvel Studios,United States of America
137113,Edge of Tomorrow,2014,2014-05-27,113,11694,Doug Liman,Action,Action|Science Fiction,500|5081|2039,Tom Cruise|Emily Blunt|Brendan Gleeson,"Maj. William ""Bill"" Cage|Sgt. Rita Vrataski|General Brigham",Village Roadshow Pictures,Australia
329,Jurassic Park,1993,1993-06-11,127,488,Steven Spielberg,Adventure,Adventure|Science Fiction,4783|4784|4785,Sam Neill|Laura Dern|Jeff Goldblum,Dr. Alan Grant|Dr. Ellie Sattler|Dr. Ian Malcolm,Universal Pictures,United States of America
264660,Ex Machina,2015,2015-01-21,108,2036,Alex Garland,Drama,Drama|Science Fiction,93210|227454|25072,Domhnall Gleeson|Alicia Vikander|Oscar Isaac,Caleb Smith|Ava|Nathan Bateman,DNA Films,United Kingdom
10193,Toy Story 3,2010,2010-06-16,103,8,Lee Unkrich,Animation,Animation|Family|Comedy,31|12898|13726,Tom Hanks|Tim Allen|Ned Beatty,Woody (voice)|Buzz Lightyear (voice)|Lotso (voice),Walt Disney Pictures,United States of America
57158,The Hobbit: The Desolation of Smaug,2013,2013-12-11,161,108,Peter Jackson,Adventure,Adventure|Fantasy,7060|1327|30315,Martin Freeman|Ian McKellen|Richard Armitage,Bilbo Baggins|Gandalf|Thorin Oakenshield,WingNut Films,New Zealand
273248,The Hateful Eight,2015,2015-12-25,167,138,Quentin Tarantino,Crime,Crime|Drama|Mystery|Western,2231|6856|10431,Samuel L. Jackson|Kurt Russell|Jennifer Jason Leigh,Major Marquis Warren|John 'The Hangman' Ruth|Daisy Domergue,Double Feature Films,United States of America
393,Kill Bill: Vol. 2,2004,2004-04-16,136,138,Quentin Tarantino,Action,Action|Crime|Thriller,139|141|589,Uma Thurman|David Carradine|Daryl Hannah,Beatrix 'The Bride' Kiddo|Bill|Elle Driver,Miramax Films,United States of America
222935,The Fault in Our Stars,2014,2014-05-16,125,1053420,Josh Boone,Romance,Romance|Drama,94185|1159982|232006,Shailene Woodley|Ansel Elgort|Nat Wolff,Hazel Grace Lancaster|Augustus Waters|Isaac,Fox 2000 Pictures,United States of America
242582,Nightcrawler,2014,2014-10-23,117,57113,Dan Gilroy,Crime,Crime|Drama|Thriller,131|14343|53240,Jake Gyllenhaal|Rene Russo|Riz Ahmed,Louis Bloom|Nina Romina|Rick,Bold Films,United States of America
89,Indiana Jones and the Last Crusade,1989,1989-05-24,127,488,Steven Spielberg,Adventure,Adventure|Action,3|738|656,Harrison Ford|Sean Connery|Denholm Elliott,Indiana Jones|Professor Henry Jones|Dr. Marcus Brody,Lucasfilm,United States of America
82702,How to Train Your Dragon 2,2014,2014-06-12,102,69797,Dean DeBlois,Fantasy,Fantasy|Action|Adventure|Animation|Comedy|Family,449|17276|41091,Jay Baruchel|Gerard Butler|Kristen Wiig,Hiccup (voice)|Stoick the Vast (voice)|Ruffnut (voice),DreamWorks Animation,United States of America
1417,Pan's Labyrinth,2006,2006-05-27,118,10828,Guillermo del Toro,Fantasy,Fantasy|Drama|War,16970|16971|16972,Ivana Baquero|Maribel Verdú|Sergi López,Ofelia|Mercedes|Capitán Vidal,Estudios Picasso,Spain
12405,Slumdog Millionaire,2008,2008-05-12,120,2034,Danny Boyle,Drama,Drama|Romance,76788|76792|72118,Dev Patel|Freida Pinto|Anil Kapoor,Jamal Malik|Latika|Prem Kumar,Fox Searchlight Pictures,India
45269,The King's Speech,2010,2010-09-06,118,70500,Tom Hooper,Drama,Drama|History,5472|118|1283,Colin Firth|Geoffrey Rush|Helena Bonham Carter,King George VI|Lionel Logue|Queen Elizabeth,The Weinstein Company,United Kingdom
296096,Me Before You,2016,2016-06-02,110,1096867,Thea Sharrock,Drama,Drama|Romance,1223786|237455|47627,Emilia Clarke|Sam Claflin|Janet McTeer,"Louisa ""Lou"" Clark|William ""Will"" Traynor|Camilla Traynor",New Line Cinema,United States of America
109424,Captain Phillips,2013,2013-10-10,134,25598,Paul Greengrass,Action,Action|Drama|Thriller,31|2229|94864,Tom Hanks|Catherine Keener|Max Martini,Captain Richard Phillips|Andrea Phillips|SEAL Commander,Columbia Pictures,United States of America
10674,Mulan,1998,1998-06-18,88,66190,Tony Bancroft,Animation,Animation|Family|Adventure,776|18897|21702,Eddie Murphy|Jackie Chan|Ming-Na Wen,Mushu (voice)|[Singing voice]|Mulan (voice),Walt Disney Pictures,United States of America
587,Big Fish,2003,2003-12-25,125,510,Tim Burton,Adventure,Adventure|Fantasy|Drama,3061|3926|8289,Ewan McGregor|Albert Finney|Billy Crudup,Younger Ed Bloom|Older Ed Bloom|Will Bloom,Columbia Pictures,United States of America
17431,Moon,2009,2009-06-12,97,81850,Duncan Jones,Science Fiction,Science Fiction|Drama,6807|1979|115146,Sam Rockwell|Kevin Spacey|Dominique McElligott,Sam Bell|Robot Gerty (Voice)|Tess Bell,Liberty Films UK,United Kingdom
380,Rain Man,1988,1988-12-11,133,8246,Barry Levinson,Drama,Drama,4483|500|3124,Dustin Hoffman|Tom Cruise|Valeria Golino,Raymond Babbitt|Charlie Babbitt|Susanna,United Artists,United States of America
83666,Moonrise Kingdom,2012,2012-05-16,94,5655,Wes Anderson,Comedy,Comedy|Drama|Romance,62|819|929906,Bruce Willis|Edward Norton|Jared Gilman,Captain Sharp|Scout Master Ward|Sam,Scott Rudin Productions,United States of America
2493,The Princess Bride,1987,1987-09-18,98,3026,Rob Reiner,Adventure,Adventure|Family|Fantasy|Comedy|Romance,2130|32|25503,Cary Elwes|Robin Wright|Mandy Patinkin,Westley|The Princess Bride|Inigo Montoya,Act III Communications,United States of America
1018,Mulholland Drive,2001,2001-05-16,147,5602,David Lynch,Thriller,Thriller|Drama|Mystery,3489|15007|15008,Naomi Watts|Laura Harring|Ann Miller,Betty Elms|Rita|Catherine Lenoix,Asymmetrical Productions,France
10386,The Iron Giant,1999,1999-08-06,86,7087,Brad Bird,Adventure,Adventure|Animation|Family|Fantasy|Science Fiction,116027|4491|12835,Eli Marienthal|Jennifer Aniston|Vin Diesel,Hogarth Hughes (voice)|Annie Hughes (voice)|The Iron Giant (voice),Warner Bros. Animation,United States of America
322,Mystic River,2003,2003-10-07,138,190,Clint Eastwood,Thriller,Thriller|Crime|Drama|Mystery,2228|504|4724,Sean Penn|Tim Robbins|Kevin Bacon,Jimmy Markum|Dave Boyle|Sean Devine,Village Roadshow Pictures,United States of America
117,The Untouchables,1987,1987-06-02,119,1150,Brian De Palma,Crime,Crime|Drama|History|Thriller,1269|738|1270,Kevin Costner|Sean Connery|Charles Martin Smith,Eliot Ness|Jim Malone|Agent Oscar Wallace,Paramount Pictures,United States of America
581,Dances with Wolves,1990,1990-11-09,181,1269,Kevin Costner,Adventure,Adventure|Drama|Western,1269|1581|6804,Kevin Costner|Mary McDonnell|Graham Greene,Lieutenant Dunbar|Stands With A Fist|Kicking Bird,Tig Productions,United Kingdom
597,Titanic,1997,1997-11-18,194,2710,James Cameron,Drama,Drama|Romance|Thriller,204|6193|3713,Kate Winslet|Leonardo DiCaprio|Frances Fisher,Rose DeWitt Bukater|Jack Dawson|Ruth Dewitt Bukater,Paramount Pictures,United States of America
272,Batman Begins,2005,2005-06-10,140,525,Christopher Nolan,Action,Action|Crime|Drama,3894|3895|3896,Christian Bale|Michael Caine|Liam Neeson,Bruce Wayne / Batman|Alfred Pennyworth|Henri Ducard,DC Comics,United Kingdom
671,Harry Potter and the Philosopher's Stone,2001,2001-11-16,152,10965,Chris Columbus,Adventure,Adventure|Fantasy|Family,10980|10989|10990,Daniel Radcliffe|Rupert Grint|Emma Watson,Harry Potter|Ron Weasley|Hermione Granger,1492 Pictures,United Kingdom
22,Pirates of the Caribbean: The Curse of the Black Pearl,2003,2003-07-09,143,1704,Gore Verbinski,Adventure,Adventure|Fantasy|Action,85|118|114,Johnny Depp|Geoffrey Rush|Orlando Bloom,Captain Jack Sparrow|Captain Hector Barbossa|Will Turner,Walt Disney Pictures,United States of America
127585,X-Men: Days of Future Past,2014,2014-05-15,131,9032,Bryan Singer,Action,Action|Adventure|Fantasy|Science Fiction,6968|5530|17288,Hugh Jackman|James McAvoy|Michael Fassbender,Logan / Wolverine|Charles Xavier / Professor X (Young)|Erik Lehnsherr / Magneto (Young),Twentieth Century Fox Film Corporation,United Kingdom
585,"Monsters, Inc.",2001,2001-11-01,92,12890,Pete Docter,Animation,Animation|Comedy|Family,1230|7904|7905,John Goodman|Billy Crystal|Mary Gibbs,Sullivan (voice)|Mike (voice)|Boo (voice),Walt Disney Pictures,United States of America
674,Harry Potter and the Goblet of Fire,2005,2005-11-05,157,10723,Mike Newell,Adventure,Adventure|Fantasy|Family,10980|10989|10990,Daniel Radcliffe|Rupert Grint|Emma Watson,Harry Potter|Ron Weasley|Hermione Granger,Patalex IV Productions Limited,United Kingdom
2062,Ratatouille,2007,2007-06-22,111,7930,Jan Pinkava,Animation,Animation|Comedy|Family|Fantasy,10872|65|7962,Patton Oswalt|Ian Holm|Lou Romano,Remy (voice)|Skinner (voice)|Linguini (voice),Walt Disney Pictures,United States of America
10191,How to Train Your Dragon,2010,2010-03-05,98,66193,Chris Sanders,Fantasy,Fantasy|Adventure|Animation|Family,449|17276|24264,Jay Baruchel|Gerard Butler|Craig Ferguson,Hiccup|Stoick|Gobber,DreamWorks Animation,United States of America
562,Die Hard,1988,1988-07-15,131,1090,John McTiernan,Action,Action|Thriller,62|4566|7674,Bruce Willis|Alan Rickman|Alexander Godunov,John McClane|Hans Gruber|Karl,Twentieth Century Fox Film Corporation,United States of America
162,Edward Scissorhands,1990,1990-12-05,105,510,Tim Burton,Fantasy,Fantasy|Drama|Romance,85|1920|1902,Johnny Depp|Winona Ryder|Dianne Wiest,Edward Scissorhands|Kim Boggs|Peg,Twentieth Century Fox Film Corporation,United States of America
8358,Cast Away,2000,2000-12-22,143,24,Robert Zemeckis,Adventure,Adventure|Drama,31|9994|38026,Tom Hanks|Helen Hunt|Chris Noth,Chuck Noland|Kelly Frears|Jerry Lovett,DreamWorks SKG,United States of America
137106,The Lego Movie,2014,2014-02-06,100,107446,Phil Lord,Adventure,Adventure|Animation|Comedy|Family|Fantasy,73457|23659|9281,Chris Pratt|Will Ferrell|Elizabeth Banks,Emmet Brickowski (voice)|Lord Business / President Business / The Man Upstairs (voice)|Wyldstyle / Lucy (voice),Village Roadshow Pictures,United States of America
578,Jaws,1975,1975-06-18,124,488,Steven Spielberg,Horror,Horror|Thriller|Adventure,6355|8606|3037,Roy Scheider|Robert Shaw|Richard Dreyfuss,Police Chief Martin Brody|Quint|Matt Hooper,Universal Pictures,United States of America
747,Shaun of the Dead,2004,2004-04-09,99,11090,Edgar Wright,Horror,Horror|Comedy,11108|11109|11110,Simon Pegg|Nick Frost|Kate Ashfield,Shaun|Ed|Liz,Universal Pictures,United Kingdom
11321,Seven Pounds,2008,2008-12-18,123,20646,Gabriele Muccino,Drama,Drama,2888|5916|70304,Will Smith|Rosario Dawson|Sarah Jane Morris,Ben|Emily|Susan,Columbia Pictures,United States of America
9552,The Exorcist,1973,1973-12-26,122,15175,William Friedkin,Drama,Drama|Horror|Thriller,37366|2201|9560,Linda Blair|Max von Sydow|Ellen Burstyn,Regan|Father Merrin|Chris MacNeil,Warner Bros.,United States of America
85350,Boyhood,2014,2014-06-05,164,564,Richard Linklater,Drama,Drama,931944|4687|569,Ellar Coltrane|Patricia Arquette|Ethan Hawke,Mason|Mom|Dad,IFC Films,United States of America
782,Gattaca,1997,1997-09-07,106,8685,Andrew Niccol,Thriller,Thriller|Science Fiction|Mystery|Romance,569|9642|11626,Ethan Hawke|Jude Law|Gore Vidal,Vincent Freeman|Jerome Eugene Morrow|Director Josef,Columbia Pictures,United States of America
1366,Rocky,1976,1976-11-21,119,16513,John G. Avildsen,Drama,Drama,16483|3094|4521,Sylvester Stallone|Talia Shire|Burt Young,"Rocky Balboa|Adrianna ""Adrian"" Pennino|Paulie",United Artists,United States of America
773,Little Miss Sunshine,2006,2006-07-26,102,16959,Jonathan Dayton,Comedy,Comedy|Drama,17141|3051|4495,Greg Kinnear|Toni Collette|Steve Carell,Richard Hoover|Sheryl Hoover|Uncle Frank,Fox Searchlight Pictures,United States of America
100,"Lock, Stock and Two Smoking Barrels",1998,1998-03-05,105,956,Guy Ritchie,Comedy,Comedy|Crime,973|974|975,Jason Flemyng|Dexter Fletcher|Nick Moran,Tom|Soap|Eddie,Handmade Films Ltd.,United Kingdom
2649,The Game,1997,1997-09-12,129,7467,David Fincher,Drama,Drama|Thriller|Mystery,3392|2228|13549,Michael Douglas|Sean Penn|Deborah Kara Unger,Nicholas Van Orton|Conrad Van Orton|Christine,PolyGram Filmed Entertainment,United States of America
142,Brokeback Mountain,2005,2005-09-02,134,1614,Ang Lee,Drama,Drama|Romance,1810|131|1811,Heath Ledger|Jake Gyllenhaal|Randy Quaid,Ennis Del Mar|Jack Twist|Joe Aguirre,River Road Entertainment,Canada
792,Platoon,1986,1986-12-18,120,1152,Oliver Stone,Drama,Drama|War|Action,13022|6952|5293,Tom Berenger|Charlie Sheen|Willem Dafoe,Staff Sergeant Bob Barnes|Private First Class Chris Taylor|Sergeant Elias Grodin,Orion Pictures,United Kingdom
10315,Fantastic Mr. Fox,2009,2009-10-23,87,5655,Wes Anderson,Adventure,Adventure|Animation|Comedy|Family,1461|5064|17881,George Clooney|Meryl Streep|Jason Schwartzman,Mr. Fox (voice)|Mrs. Fox (voice)|Ash (voice),Twentieth Century Fox Film Corporation,United States of America
284293,Still Alice,2014,2014-12-05,99,82335,Richard Glatzer,Drama,Drama,1231|7447|37917,Julianne Moore|Alec Baldwin|Kristen Stewart,Dr. Alice Howland|Dr. John Howland|Lydia Howland,Killer Films,United States of America
525,The Blues Brothers,1980,1980-06-17,133,4610,John Landis,Music,Music|Comedy|Action|Crime,707|7171|7172,Dan Aykroyd|John Belushi|James Brown,Elwood Blues (as Elwood)|'Joliet' Jake Blues (as Jake)|Reverend Cleophus James,Universal Pictures,United States of America
244267,I Origins,2014,2014-07-18,106,45459,Mike Cahill,Science Fiction,Science Fiction|Drama,10692|222330|469759,Michael Pitt|Brit Marling|Astrid Bergès-Frisbey,Ian Gray|Karen|Sofi,Verisimilitude,United States of America
10229,A Walk to Remember,2002,2002-01-25,101,20739,Adam Shankman,Drama,Drama|Romance,16855|81295|9979,Mandy Moore|Shane West|Peter Coyote,Jamie Sullivan|Landon Carter|Reverend Sullivan,DiNovi Pictures,United States of America
24428,The Avengers,2012,2012-04-25,143,12891,Joss Whedon,Science Fiction,Science Fiction|Action|Adventure,3223|16828|103,Robert Downey Jr.|Chris Evans|Mark Ruffalo,Tony Stark / Iron Man|Steve Rogers / Captain America|Bruce Banner / The Hulk,Paramount Pictures,United States of America
293660,Deadpool,2016,2016-02-09,108,55252,Tim Miller,Action,Action|Adventure|Comedy,10859|54882|1047649,Ryan Reynolds|Morena Baccarin|Ed Skrein,Wade Wilson / Deadpool|Vanessa Carlysle / Copycat|Francis Freeman / Ajax,Twentieth Century Fox Film Corporation,United States of America
1726,Iron Man,2008,2008-04-30,126,15277,Jon Favreau,Action,Action|Science Fiction|Adventure,3223|18288|1229,Robert Downey Jr.|Terrence Howard|Jeff Bridges,"Tony Stark / Iron Man|Lt. Col. James ""Rhodey"" Rhodes / War Machine|Obadiah Stane / Iron Monger",Marvel Studios,United States of America
101299,The Hunger Games: Catching Fire,2013,2013-11-15,146,10943,Francis Lawrence,Adventure,Adventure|Action|Science Fiction,72129|27972|96066,Jennifer Lawrence|Josh Hutcherson|Liam Hemsworth,Katniss Everdeen|Peeta Mellark|Gale Hawthorne,Lionsgate,United States of America
672,Harry Potter and the Chamber of Secrets,2002,2002-11-13,161,10965,Chris Columbus,Adventure,Adventure|Fantasy|Family,10980|10989|10990,Daniel Radcliffe|Rupert Grint|Emma Watson,Harry Potter|Ron Weasley|Hermione Granger,1492 Pictures,Germany
675,Harry Potter and the Order of the Phoenix,2007,2007-06-28,138,11343,David Yates,Adventure,Adventure|Fantasy|Family|Mystery,10980|10989|10990,Daniel Radcliffe|Rupert Grint|Emma Watson,Harry Potter|Ron Weasley|Hermione Granger,Warner Bros.,United Kingdom
767,Harry Potter and the Half-Blood Prince,2009,2009-07-07,153,11343,David Yates,Adventure,Adventure|Fantasy|Family,10980|10989|10990,Daniel Radcliffe|Rupert Grint|Emma Watson,Harry Potter|Ron Weasley|Hermione Granger,Warner Bros.,United Kingdom
9806,The Incredibles,2004,2004-11-05,115,7087,Brad Bird,Action,Action|Adventure|Animation|Family,8977|18686|2231,Craig T. Nelson|Holly Hunter|Samuel L. Jackson,Bob Parr / Mr. Incredible (voice)|Helen Parr / Elastigirl (voice)|Lucius Best / Frozone (voice),Walt Disney Pictures,United States of America
194662,Birdman,2014,2014-08-27,119,223,Alejandro González Iñárritu,Drama,Drama|Comedy,2232|54693|58225,Michael Keaton|Emma Stone|Zach Galifianakis,Riggan|Sam|Jake,Worldview Entertainment,United States of America
13475,Star Trek,2009,2009-05-06,127,15344,J.J. Abrams,Science Fiction,Science Fiction|Action|Adventure,62064|17306|1749,Chris Pine|Zachary Quinto|Leonard Nimoy,James T. Kirk|Spock|Spock Prime,Paramount Pictures,Germany
190859,American Sniper,2014,2014-12-11,133,190,Clint Eastwood,War,War|Action,51329|23459|59219,Bradley Cooper|Sienna Miller|Kyle Gallner,Chris Kyle|Taya Renae Kyle|Goat - Winston,Village Roadshow Pictures,United States of America
54138,Star Trek Into Darkness,2013,2013-05-05,132,15344,J.J. Abrams,Action,Action|Adventure|Science Fiction,62064|17306|8691,Chris Pine|Zachary Quinto|Zoe Saldana,James T. Kirk|Spock|Nyota Uhura,Paramount Pictures,United States of America
228150,Fury,2014,2014-10-15,135,19769,David Ayer,War,War|Drama|Action,287|10959|33235,Brad Pitt|Shia LaBeouf|Logan Lerman,Don 'Wardaddy' Collier|Boyd 'Bible' Swan|Norman Ellison,Columbia Pictures,United Kingdom
165,Back to the Future Part II,1989,1989-11-20,108,24,Robert Zemeckis,Adventure,Adventure|Comedy|Family|Science Fiction,521|1062|1063,Michael J. Fox|Christopher Lloyd|Lea Thompson,Marty McFly Sr. / Marty McFly Jr. / Marlene McFly|Dr. Emmett Brown|Lorraine,Universal Pictures,United States of America
64690,Drive,2011,2011-08-06,100,21183,Nicolas Winding Refn,Drama,Drama|Action|Thriller|Crime,30614|36662|17419,Ryan Gosling|Carey Mulligan|Bryan Cranston,Driver|Irene|Shannon,Bold Films,United States of America
812,Aladdin,1992,1992-11-25,90,15810,Ron Clements,Animation,Animation|Family|Comedy|Adventure|Fantasy|Romance,15827|2157|15829,Scott Weinger|Robin Williams|Linda Larkin,"Aladdin ""Al"" (voice)|Genie (voice)|Princess Jasmine (voice)",Walt Disney Pictures,United States of America
38757,Tangled,2010,2010-11-24,100,76595,Byron Howard,Animation,Animation|Family,69899|16855|2517,Zachary Levi|Mandy Moore|Donna Murphy,Flynn Rider (voice)|Rapunzel (voice)|Mother Gothel (voice),Walt Disney Pictures,United States of America
138843,The Conjuring,2013,2013-07-18,112,2127,James Wan,Horror,Horror|Thriller,17178|21657|3127,Patrick Wilson|Vera Farmiga|Lili Taylor,Ed Warren|Lorraine Warren|Carolyn Perron,New Line Cinema,United States of America
137,Groundhog Day,1993,1993-02-11,101,1524,Harold Ramis,Romance,Romance|Fantasy|Drama|Comedy,1532|1533|1534,Bill Murray|Andie MacDowell|Chris Elliott,Phil Connors|Rita|Larry,Columbia Pictures,United States of America
4638,Hot Fuzz,2007,2007-02-14,121,11090,Edgar Wright,Crime,Crime|Action|Comedy,11108|11109|388,Simon Pegg|Nick Frost|Jim Broadbent,Nicholas Angel|PC Danny Butterman|Inspector Frank Butterman,Universal Pictures,United Kingdom
9693,Children of Men,2006,2006-09-22,109,11218,Alfonso Cuarón,Drama,Drama|Action|Thriller|Science Fiction,2296|3895|1231,Clive Owen|Michael Caine|Julianne Moore,Theo Faron|Jasper|Julian,Universal Pictures,United Kingdom
59436,Midnight in Paris,2011,2011-05-11,94,1243,Woody Allen,Fantasy,Fantasy|Comedy|Romance,887|53714|29685,Owen Wilson|Rachel McAdams|Kurt Fuller,Gil|Inez|John,Gravier Productions,Spain
293863,The Age of Adaline,2015,2015-04-16,112,109745,Lee Toland Krieger,Fantasy,Fantasy|Drama|Romance,59175|91520|3,Blake Lively|Michiel Huisman|Harrison Ford,Adaline Bowman|Ellis Jones|William Jones,Lakeshore Entertainment,United States of America
1933,The Others,2001,2001-08-02,101,19840,Alejandro Amenábar,Horror,Horror|Drama|Mystery|Thriller,2227|2040|20051,Nicole Kidman|Christopher Eccleston|Alakina Mann,Grace Stewart|Charles Stewart|Anne Stewart,Cruise/Wagner Productions,Spain
630,The Wizard of Oz,1939,1939-08-15,102,9049,Victor Fleming,Adventure,Adventure|Family|Fantasy,9066|9067|9068,Judy Garland|Frank Morgan|Ray Bolger,"Dorothy Gale|Professor Marvel / The Wizard of Oz|""Hunk"" / The Scarecrow",Loew's Incorporated,United States of America
193756,Lone Survivor,2013,2013-12-24,121,36602,Peter Berg,Action,Action|Drama|Thriller|War,13240|60900|46593,Mark Wahlberg|Taylor Kitsch|Emile Hirsch,Marcus Luttrell|Mike Murphy|Danny Dietz,Universal Pictures,United States of America
4982,American Gangster,2007,2007-11-02,157,578,Ridley Scott,Drama,Drama|Crime,5292|934|5294,Denzel Washington|Russell Crowe|Chiwetel Ejiofor,Frank Lucas|Richie Roberts|Huey Lucas,Imagine Entertainment,United Kingdom
203833,The Book Thief,2013,2013-11-08,131,126945,Brian Percival,Drama,Drama,118|1008607|1639,Geoffrey Rush|Sophie Nélisse|Emily Watson,Hans Hubermann|Liesel Meminger|Rosa Hubermann,Studio Babelsberg,Germany
9444,Anastasia,1997,1997-11-20,94,12881,Gary Goldman,Animation,Animation|Family,5344|3036|1062,Meg Ryan|John Cusack|Christopher Lloyd,Anastasia (voice)|Dimitri (voice)|Rasputin (voice),Twentieth Century Fox Film Corporation,United States of America
8321,In Bruges,2008,2008-02-08,107,54472,Martin McDonagh,Comedy,Comedy|Drama|Crime,72466|2039|5469,Colin Farrell|Brendan Gleeson|Ralph Fiennes,Ray|Ken Daley|Harry Waters,Blueprint Pictures,United Kingdom
186,Lucky Number Slevin,2006,2006-02-24,110,2291,Paul McGuigan,Drama,Drama|Thriller|Crime|Mystery,2299|62|140,Josh Hartnett|Bruce Willis|Lucy Liu,Slevin|Mr. Goodkat|Lindsey,The Weinstein Company,Germany
4133,Blow,2001,2001-04-04,124,34849,Ted Demme,Crime,Crime|Drama,85|955|824,Johnny Depp|Penélope Cruz|Ethan Suplee,George Jung|Mirtha Jung|Tuna,New Line Cinema,United States of America
824,Moulin Rouge!,2001,2001-03-09,127,6201,Baz Luhrmann,Drama,Drama|Music|Romance,2227|3061|5723,Nicole Kidman|Ewan McGregor|John Leguizamo,Satine|Christian|Toulouse-Lautrec,Bazmark Films,Australia
9428,The Royal Tenenbaums,2001,2001-10-05,110,5655,Wes Anderson,Comedy,Comedy|Drama,193|5657|7399,Gene Hackman|Anjelica Huston|Ben Stiller,Royal Tenenbaum|Etheline Tenenbaum|Chas Tenenbaum,Touchstone Pictures,United States of America
16320,Serenity,2005,2005-08-25,119,12891,Joss Whedon,Science Fiction,Science Fiction|Action|Adventure|Thriller,51797|9576|21088,Nathan Fillion|Gina Torres|Alan Tudyk,Mal|Zoe|Wash,Universal Pictures,United States of America
433,Mary Poppins,1964,1964-08-27,139,5834,Robert Stevenson,Comedy,Comedy|Family|Fantasy,5823|61303|5825,Julie Andrews|Dick Van Dyke|David Tomlinson,"Mary Poppins|Bert/Mr. Dawes, Sr.|Mr. George W. Banks",Walt Disney Productions,United States of America
9366,Donnie Brasco,1997,1997-02-27,127,10723,Mike Newell,Crime,Crime|Drama|Thriller,85|1158|147,Johnny Depp|Al Pacino|Michael Madsen,Donnie Brasco / Joseph D. 'Joe' Pistone|Benjamin 'Lefty' Ruggiero|Sonny Black,TriStar Pictures,United States of America
1542,Office Space,1999,1999-02-19,89,17403,Mike Judge,Comedy,Comedy|Crime,17402|4491|52794,Ron Livingston|Jennifer Aniston|David Herman,Peter Gibbons|Joanna|Michael Bolton,Twentieth Century Fox Film Corporation,United States of America
4347,Atonement,2007,2007-08-29,123,36588,Joe Wright,Drama,Drama|Romance,116|5530|6979,Keira Knightley|James McAvoy|Romola Garai,Cecilia Tallis|Robbie Turner|Briony Tallis (Age 18),Universal Pictures,United Kingdom
948,Halloween,1978,1978-10-25,91,11770,John Carpenter,Horror,Horror|Thriller,9221|8944|15500,Donald Pleasence|Jamie Lee Curtis|P.J. Soles,Dr. Sam Loomis|Laurie Strode|Lynda van der Klok,Compass International Pictures,United States of America
99861,Avengers: Age of Ultron,2015,2015-04-22,141,12891,Joss Whedon,Action,Action|Adventure|Science Fiction,3223|74568|103,Robert Downey Jr.|Chris Hemsworth|Mark Ruffalo,Tony Stark / Iron Man|Thor Odinson|Bruce Banner / Hulk,Marvel Studios,United States of America
281957,The Revenant,2015,2015-12-25,156,223,Alejandro González Iñárritu,Western,Western|Drama|Adventure|Thriller,6193|2524|93491,Leonardo DiCaprio|Tom Hardy|Will Poulter,Hugh Glass|John Fitzgerald|Jim Bridger,Regency Enterprises,Canada
49047,Gravity,2013,2013-09-27,91,11218,Alfonso Cuarón,Science Fiction,Science Fiction|Thriller|Drama,18277|1461|228,Sandra Bullock|George Clooney|Ed Harris,Dr. Ryan Stone|Matt Kowalski|Mission Control (voice),Warner Bros.,United Kingdom
75656,Now You See Me,2013,2013-05-29,115,18865,Louis Leterrier,Thriller,Thriller|Crime,44735|103|57755,Jesse Eisenberg|Mark Ruffalo|Woody Harrelson,J. Daniel Atlas|Dylan Rhodes|Merritt McKinney,Summit Entertainment,United States of America
109445,Frozen,2013,2013-11-27,102,15774,Chris Buck,Animation,Animation|Adventure|Family,40462|19394|221611,Kristen Bell|Idina Menzel|Jonathan Groff,Anna (voice)|Elsa (voice)|Kristoff (voice),Walt Disney Pictures,United States of America
44214,Black Swan,2010,2010-12-02,108,6431,Darren Aronofsky,Drama,Drama|Thriller,524|18973|1925,Natalie Portman|Mila Kunis|Vincent Cassel,Nina Sayers|Lily|Thomas Leroy,Fox Searchlight Pictures,United States of America
119450,Dawn of the Planet of the Apes,2014,2014-06-26,130,32278,Matt Reeves,Science Fiction,Science Fiction|Action|Drama|Thriller,1333|76512|64,Andy Serkis|Jason Clarke|Gary Oldman,Caesar|Malcolm|Dreyfus,Ingenious Media,United States of America
168259,Furious 7,2015,2015-04-01,137,2127,James Wan,Action,Action,12835|8167|18918,Vin Diesel|Paul Walker|Dwayne Johnson,Dominic Toretto|Brian O'Conner|Hobbs,Universal Pictures,Japan
218,The Terminator,1984,1984-10-26,108,2710,James Cameron,Action,Action|Thriller|Science Fiction,1100|2712|2713,Arnold Schwarzenegger|Michael Biehn|Linda Hamilton,The Terminator|Kyle Reese|Sarah Connor,Orion Pictures,United Kingdom
808,Shrek,2001,2001-05-16,90,5524,Andrew Adamson,Adventure,Adventure|Animation|Comedy|Family|Fantasy,12073|776|6941,Mike Myers|Eddie Murphy|Cameron Diaz,Shrek (voice)|Donkey (voice)|Princess Fiona (voice),DreamWorks SKG,United States of America
18,The Fifth Element,1997,1997-05-07,126,59,Luc Besson,Adventure,Adventure|Fantasy|Action|Thriller|Science Fiction,62|64|65,Bruce Willis|Gary Oldman|Ian Holm,Korben Dallas|Jean-Baptiste Emmanuel Zorg|Father Vito Cornelius,Columbia Pictures,France
36557,Casino Royale,2006,2006-11-14,144,10702,Martin Campbell,Adventure,Adventure|Action|Thriller,8784|10912|1019,Daniel Craig|Eva Green|Mads Mikkelsen,James Bond|Vesper Lynd|Le Chiffre,Eon Productions,Italy
863,Toy Story 2,1999,1999-10-30,92,7879,John Lasseter,Animation,Animation|Comedy|Family,31|12898|3234,Tom Hanks|Tim Allen|Joan Cusack,Woody (voice)|Buzz Lightyear (voice)|Jessie (voice),Pixar Animation Studios,United States of America
64682,The Great Gatsby,2013,2013-05-10,143,6201,Baz Luhrmann,Drama,Drama|Romance,6193|2219|36662,Leonardo DiCaprio|Tobey Maguire|Carey Mulligan,Jay Gatsby|Nick Carraway|Daisy Buchanan,Village Roadshow Pictures,United States of America
2501,The Bourne Identity,2002,2002-06-14,119,11694,Doug Liman,Action,Action|Drama|Mystery|Thriller,1892|679|2955,Matt Damon|Franka Potente|Chris Cooper,Jason Bourne|Marie Helena Kreutz|Alexander Conklin,Universal Pictures,United States of America
17654,District 9,2009,2009-08-05,112,82194,Neill Blomkamp,Science Fiction,Science Fiction,82191|82193|97599,Sharlto Copley|Jason Cope|Nathalie Boltt,Wikus van der Merwe|Christopher Johnson / Grey Bradnam / Trent|Sarah Livingstone - Sociologist,WingNut Films,United States of America
4922,The Curious Case of Benjamin Button,2008,2008-11-24,166,7467,David Fincher,Fantasy,Fantasy|Drama|Thriller|Mystery|Romance,112|287|3063,Cate Blanchett|Brad Pitt|Tilda Swinton,Daisy|Benjamin Button|Elizabeth Abbott,Paramount Pictures,United States of America
601,E.T. the Extra-Terrestrial,1982,1982-04-03,115,488,Steven Spielberg,Science Fiction,Science Fiction|Adventure|Family|Fantasy,9976|69597|9978,Henry Thomas|Drew Barrymore|Robert MacNaughton,Elliott|Gertie|Michael,Universal Pictures,United States of America
2503,The Bourne Ultimatum,2007,2007-08-03,115,25598,Paul Greengrass,Action,Action|Drama|Mystery|Thriller,1892|12041|11064,Matt Damon|Julia Stiles|David Strathairn,Jason Bourne|Nicky Parsons|Noah Vosen,Universal Pictures,Germany
318846,The Big Short,2015,2015-12-11,130,55710,Adam McKay,Comedy,Comedy|Drama,3894|4495|30614,Christian Bale|Steve Carell|Ryan Gosling,Michael Burry|Mark Baum|Jared Vennett,Paramount Pictures,United States of America
1372,Blood Diamond,2006,2006-12-07,143,9181,Edward Zwick,Drama,Drama|Thriller|Action,6193|938|6161,Leonardo DiCaprio|Djimon Hounsou|Jennifer Connelly,Danny Archer|Solomon Vandy|Maddy Bowen,Bedford Falls Productions,Germany
114150,Pitch Perfect,2012,2012-09-28,112,168667,Jason Moore,Comedy,Comedy|Music|Romance,84223|73128|29221,Anna Kendrick|Skylar Astin|Brittany Snow,Beca Mitchell|Jesse Swanson|Chloe Beale,Brownstone Productions,United States of America
106,Predator,1987,1987-06-11,107,1090,John McTiernan,Science Fiction,Science Fiction|Action|Adventure|Thriller,1100|1101|1102,Arnold Schwarzenegger|Carl Weathers|Elpidia Carrillo,Major Alan 'Dutch' Schaeffer|Major George Dillon|Anna,Twentieth Century Fox Film Corporation,United States of America
307081,Southpaw,2015,2015-06-15,123,20907,Antoine Fuqua,Action,Action|Drama,131|53714|2178,Jake Gyllenhaal|Rachel McAdams|Forest Whitaker,Billy 'The Great' Hope|Maureen Hope|Titus 'Tick' Wills,Escape Artists,United States of America
1359,American Psycho,2000,2000-04-13,102,16378,Mary Harron,Thriller,Thriller|Drama|Crime,3894|5293|7499,Christian Bale|Willem Dafoe|Jared Leto,Patrick Bateman|Det. Donald Kimball|Paul Allen,Lions Gate Films,Canada
1954,The Butterfly Effect,2004,2004-01-22,113,20218,Eric Bress,Science Fiction,Science Fiction|Thriller,18976|4766|20189,Ashton Kutcher|Melora Walters|Amy Smart,Evan Treborn|Andrea Treborn|Kayleigh Miller,New Line Cinema,Canada
1949,Zodiac,2007,2007-03-02,157,7467,David Fincher,Crime,Crime|Drama|Mystery|Thriller,131|3223|103,Jake Gyllenhaal|Robert Downey Jr.|Mark Ruffalo,Robert Graysmith|Paul Avery|Dave Toschi,Paramount Pictures,United States of America
312221,Creed,2015,2015-11-25,133,1056121,Ryan Coogler,Drama,Drama,135651|16483|95047,Michael B. Jordan|Sylvester Stallone|Graham McTavish,Adonis Johnson|Rocky Balboa|Tommy Holiday,New Line Cinema,United States of America
616,The Last Samurai,2003,2003-12-05,154,9181,Edward Zwick,Drama,Drama|Action|War|History,500|3899|7676,Tom Cruise|Ken Watanabe|William Atherton,Captain Nathan Algren|Katsumoto|Winchester Rep,Cruise/Wagner Productions,Japan
